rho,pvalue
0.2861207081579937,0.07319294317258684
